predicted_combined_motor,predicted_combined_total,actual_motor_diff,actual_total_diff
27.633265878339635,37.44595103310427,5.450734121660368,6.11704896689573
8.77779322012316,12.06762842211232,-1.6178932201231593,-0.0076284221123188445
13.36350383541601,15.889711413725763,-2.14550383541601,-1.7807114137257631
13.851897570600462,18.14394696808357,-1.0928975706004618,-1.626946968083569
23.713810705011543,30.677411450914466,1.6771892949884553,1.322588549085534
16.94517794067896,25.261143387760498,1.0548220593210402,1.706856612239502
14.34238948693201,20.70408125639453,-2.85838948693201,-3.220081256394529
28.34622362271572,47.95132677510574,-3.1102236227157185,-2.127326775105743
17.565307371053635,24.872974842230402,0.3626926289463661,0.49802515776959666
30.466711296336523,39.64111547877143,-2.3747112963365247,-2.1031154787714357
14.212237466618259,20.35302426969334,1.9367625333817422,1.1359757303066615
28.713141548644984,38.69126156934884,0.342858451355017,0.7167384306511622
17.55021441033029,24.840183104865577,-2.550214410330291,-2.9471831048655766
11.205579039387864,17.05819135547265,0.27842096061213617,0.42580864452735057
26.66870168820392,35.97520212682743,-1.30170168820392,-1.4852021268274314
19.78647539966191,26.313415273341292,0.46852460033808896,-0.05841527334129282
14.735403062479875,20.40407436700842,0.2645969375201247,0.4629256329915812
8.455297555250645,12.704795157716383,-1.456597555250645,-1.2087951577163825
25.711856823141392,36.39018200127994,-3.4038568231413926,-3.6091820012799403
19.93246541024301,26.272916992052078,2.1715345897569875,1.831083007947921
27.639097373411293,32.10205133833271,-0.624097373411292,-1.1740513383327063
7.869969735998189,10.96433815873983,-1.8699697359981888,-3.29543815873983
35.46456578325454,52.63294508365288,-0.2615657832545395,1.1690549163471218
26.006959245201447,30.969238119920153,2.4960407547985533,6.515761880079847
23.874682371791057,29.56116351762855,2.4553176282089417,3.7628364823714477
21.955583761772484,29.019022799016525,3.1364162382275147,2.9809772009834745
17.275300910999523,26.904444126483163,-1.098300910999523,-0.11944412648316316
25.479667022356622,36.34170213920798,-4.7986670223566215,-5.419702139207981
24.458450755622664,31.141204881626635,-0.953450755622665,-1.2802048816266343
16.923249924435382,23.8278006466548,0.1187500755646198,0.5331993533452
15.747773379952175,22.49529732455002,-2.7057733799521753,-3.445297324550019
13.580335521050566,16.25411516512623,4.728664478949435,4.8128848348737705
32.90280261115967,42.74817112575742,4.074197388840325,5.221828874242576
17.647668907178414,26.019401313620794,-0.5776689071784133,-0.2584013136207943
13.956590025881095,18.449019651771007,-0.3605900258810948,-0.2570196517710066
15.006888070530753,21.500863755955884,-4.977888070530753,-5.471863755955884
11.095786111008131,13.949794059186905,-3.4793861110081314,-0.2917940591869055
21.195984222851934,28.66625499967682,-2.3419842228519343,-3.8122549996768207
19.820415188627145,26.401825874272593,0.3065848113728542,1.2891741257274063
22.78325345681129,26.57973738745345,1.9157465431887104,1.72726261254655
24.19147988177187,30.423529438633793,-0.0814798817718696,-0.8695294386337942
17.04476299053225,24.551393793460228,-2.0447629905322486,-2.6583937934602275
14.647670178317169,20.850470495116834,1.1403298216828315,0.42252950488316543
31.852762188934214,42.069606070760656,-0.8527621889342143,-1.002606070760656
16.592092588190578,23.41116905840967,-1.592092588190578,-1.6961690584096694
11.040642981381442,12.816142175629201,0.2523570186185573,0.19385782437079868
27.232183007185967,41.066256900085506,-0.06218300718596481,0.6897430999144945
16.71778936033152,26.15513667112901,0.8772106396684798,1.5748633288709897
31.471663566960682,42.53632803044031,-4.687663566960683,-3.9673280304403065
35.02875241194964,51.3254184086124,1.442247588050357,3.1455815913875966
35.695264244509076,54.240104533881436,0.029735755490925442,-0.09010453388143702
16.468471493090362,25.13870718667809,-1.294471493090363,-2.78970718667809
23.98110618794688,31.07866572690453,-1.53210618794688,-2.121665726904528
35.564347534438,53.84076966159763,-0.707347534438,-0.2687696615976307
19.8956437054128,26.454842113521234,-0.46464370541280076,0.19215788647876408
24.901530776356513,35.20500047888149,2.310469223643487,4.217999521118514
8.134848735444228,14.039161438978798,0.25345126455577116,2.7958385610212027
20.03715750878075,28.11889562276655,-0.39715750878075085,-1.8378956227665526
18.36937677246906,26.11706000357182,-1.7803767724690616,-2.847060003571819
26.855428452707862,30.649748370193784,0.7425715472921368,1.3502516298062162
25.46449361124343,29.656288638508926,-0.9214936112434309,-0.7272886385089272
24.871213451236677,35.58780284316378,-1.4242134512366782,-1.505802843163778
15.758880515645671,22.599331235486318,0.8641194843543296,1.482668764513683
13.363445223450197,19.270700445188808,-2.6264452234501974,-4.006700445188809
6.379946640967329,8.24852794630033,-0.37994664096732933,-1.0786279463003297
29.02769424526404,34.758370278907506,0.6873057547359593,-0.3933702789075042
8.714465117384758,17.686627006740412,-0.011465117384759083,-1.7956270067404123
25.768217348876203,29.948378886820375,1.5167826511237976,2.0516211131796247
16.97870256640453,26.536797670651293,0.6162974335954701,1.1932023293487077
19.810265158515563,23.6291068073322,-5.617265158515563,-3.835106807332199
22.822946948326212,33.14841453456303,0.08505305167378907,0.7595854654369703
14.047537443219284,19.777520041360752,-2.0475374432192837,-0.7775200413607521
34.8867276630766,42.76573586129317,-5.6757276630766,-5.5547358612931745
10.063198591707451,14.303796774088667,1.936801408292549,2.7182032259113313
14.872772150561337,20.507745665348423,-0.6227721505613371,-1.3517456653484246
15.251119695900828,21.122123727101886,2.082880304099172,1.830876272898113
28.307884106015678,30.78425571120381,3.2031158939843216,3.628744288796188
27.125752195279137,30.901006612475683,-2.337752195279137,-1.6660066124756838
11.291156251948593,16.89102120513636,-0.6761562519485924,-0.5840212051363629
26.986506962232788,39.31716621121794,0.8964930377672111,-0.25816621121794014
35.43297328479558,43.63074582607226,-6.221973284795581,-6.419745826072258
11.29847883087716,17.258214467305784,-0.18147883087715933,-0.699214467305783
24.272940536246796,31.79695403702145,3.797059463753204,1.7380459629785463
20.538806354558083,27.107311017432718,-1.6848063545580843,-2.2533110174327184
11.377333629693707,15.583481780031976,-3.0592336296937077,-3.265481780031976
9.385012304064727,13.987337195270982,6.335987695935273,7.122662804729018
18.049025376271636,24.939487657918416,-1.0490253762716364,-0.866487657918416
27.706522369091005,41.46157321166682,1.9524776309089944,4.02742678833318
31.026307265899074,38.38127957709051,5.906692734100925,6.764720422909491
16.805284287576036,24.98678398244054,1.1947157124239638,1.9812160175594613
14.259457282954376,19.927827596405855,0.920542717045624,0.5631724035941446
13.36454458528597,26.188839341768286,0.014455414714030113,0.7311606582317154
18.825641446965232,26.058967119462142,0.8523585530347688,0.9580328805378571
28.264877101182673,42.91382005863778,-0.8438771011826738,-3.6248200586377806
10.42514207238644,14.512774344878167,2.064857927613561,2.663225655121831
28.664545611118108,38.5337577409576,-1.0525456111181093,1.6902422590423996
33.57103864019277,43.002749278406675,-4.136038640192769,-6.132749278406678
27.927820475899214,39.773474512734836,-1.060820475899213,-1.7824745127348365
25.585241723194336,34.885113759382804,5.191758276805665,5.093886240617195
13.781255159801896,19.936758861822234,2.7287448401981056,1.7692411381777653
25.158078614401635,29.69166265378154,0.11692138559836351,0.15133734621846173
24.214024970831787,31.14681623168623,0.335975029168214,2.2761837683137713
12.226510852667225,14.815447768117492,0.2644891473327746,-0.06944776811749165
16.461965467156524,25.86324902709279,-0.02696546715652559,-0.9932490270927907
13.613198636603489,25.716742659569594,1.0468013633965114,2.056257340430406
13.807629977007494,19.665602446748885,-3.8618299770074938,-5.351602446748885
34.54638751114091,44.62007537274687,0.07361248885909077,-0.3520753727468673
29.25534120230851,48.566349801480555,-0.08034120230851016,-0.11634980148055263
24.5194618963965,32.7321816627302,0.13953810360349905,1.6848183372698031
9.190698545863842,12.357934549224096,5.059301454136158,6.798065450775903
25.284321483299873,28.686978199700324,-0.5853214832998717,-0.3799781997003251
25.50260342541738,38.44085803808227,1.3563965745826216,2.848141961917733
28.545945073449086,33.78610159419192,3.153054926550915,6.409898405808079
26.00862011208498,46.60109983866973,0.07637988791502082,-0.2110998386697318
24.433706012012983,31.426050374936082,-0.5457060120129817,-0.3190503749360829
34.797417780516845,44.85556052210809,-3.296417780516844,-4.218560522108092
17.348639175190648,25.765977099448005,0.6513608248093519,0.8970229005519954
7.884397729204969,15.25696282724502,0.3355022707950317,2.0830371727549792
11.331514913077276,16.62369894971028,-0.7165149130772761,-0.31669894971028256
22.13525983956827,29.960587816559837,4.173740160431731,4.4634121834401626
30.748636315680944,41.36938226841751,-1.2386363156809423,-1.3563822684175122
28.254603075708467,36.89164644819978,-3.979603075708468,-9.76664644819978
13.586694176673939,16.119992231203526,2.1123058233260608,1.579007768796476
25.255377134390606,31.536346616707572,0.00862286560939296,-0.876346616707572
13.30352434338777,17.36084065583468,-0.640524343387769,-1.034840655834678
25.21153164578708,30.387525618992306,-3.6895316457870813,-2.865525618992308
19.426765984837893,27.095547234548736,-2.974765984837891,-1.9995472345487357
18.49891255810922,22.208463450522892,3.248087441890778,3.1205365494771087
17.73762995940963,24.926166857162013,-0.6116299594096297,-0.8891668571620137
16.999665842414693,24.00082135637056,1.7413341575853067,2.344178643629437
14.86861203138091,21.726602175247773,0.13138796861909086,-1.2356021752477737
11.064336586621781,15.120926225189304,0.9356634133782187,0.9030737748106965
14.381081262552273,21.327746527644024,-0.9810812625522729,-1.4987465276440233
17.66329258391771,24.535978655837663,-0.6632925839177091,0.2980213441623363
17.5587491534193,21.325235248098604,-0.09274915341929812,-1.7042352480986054
34.90417964269618,42.97399029843812,-1.0981796426961807,-1.16799029843812
11.189949462990597,15.810043496561923,-1.249849462990598,-1.870043496561923
18.60348098046235,25.526157667387967,0.09851901953765108,-0.8241576673879649
24.58794303915859,30.92164752808554,-1.5819430391585882,-2.8996475280855414
31.951052703765004,42.556784628841,-0.9510527037650043,-3.316784628840999
21.59463040341412,28.108486767483004,-1.952630403414119,-2.466486767483005
16.799080187664785,26.392541653034094,0.9459198123352159,1.0964583469659068
30.333576651331022,36.473058299993085,-5.347576651331021,-8.127058299993084
23.664603497696145,30.49609437337877,-1.810603497696146,-2.0500943733787693
28.695884169358017,33.585664996125416,2.926115830641983,6.149335003874583
14.746798147221366,17.56266677367101,-0.5217981472213662,-1.1626667736710097
12.531690085141621,15.303612585865036,-0.3236900851416209,-0.6996125858650366
19.397405813296317,26.45789330521027,-1.0754058132963173,-2.1358933052102707
18.533380225812735,26.274904447394697,2.1856197741872663,2.3030955526053027
14.061845167708961,26.183292045806585,0.34815483229103883,1.4237079541934143
16.618788921542553,24.001400533843533,-1.3847889215425528,-0.8454005338435344
8.014859324287688,11.587200182526914,-2.8773593242876876,-4.587200182526914
30.48268570712791,38.67747895333656,-1.7876857071279098,-3.2884789533365577
17.85362061118778,24.803490617919866,3.8893793888122197,2.093509382080132
25.30156940224942,32.549321491813686,-1.4135694022494185,-1.4423214918136864
20.481015709112242,27.507625098476247,-0.6100157091122433,-0.7646250984762482
17.405079556104283,25.626942319187382,0.5949204438957167,0.748057680812618
16.234717420132043,23.391230609849966,-0.7737174201320425,-0.08323060984996644
22.60979772925384,30.300754241672436,-3.679797729253842,-5.3707542416724365
24.25999355520956,32.150633562680596,3.1950064447904367,1.0763664373194004
18.031297314861696,24.936629943698186,-4.568297314861697,-5.380629943698185
34.86234632945509,52.67047857639559,1.5576536705449087,1.9425214236044113
30.333469786133904,36.8378723630614,0.7505302138660959,-0.3318723630614002
24.497611441559474,32.05393022390054,1.763388558440525,2.890069776099466
16.785869348797625,25.17932014417124,0.050130651202373144,-0.8513201441712397
16.967140043179725,26.55358790947577,-0.5321400431797265,-1.6835879094757686
12.398645952235933,15.135141849229825,-0.8976459522359335,-0.8841418492298256
17.660880175080536,22.021829137351776,-0.2278801750805357,0.4231708626482238
13.55989543846019,17.637757930374352,-0.66889543846019,-0.8557579303743523
28.98287413038003,35.29788885079215,2.9471258696199705,6.28211114920785
23.47330522354914,30.926205010521024,-3.817305223549141,-4.364205010521022
9.44948801330711,10.238418916254687,-0.8993880133071102,-1.024018916254688
17.199732423170456,25.443618730457874,0.7012675768295438,1.424381269542124
11.616566565816965,17.681362624069347,0.38343343418303455,0.4986373759306524
14.506491932959781,20.40067466997191,4.984508067040219,5.018325330028091
25.295590558769973,32.705758090332054,3.4164094412300265,1.1502419096679475
29.05042458094925,40.507045260303,-0.39642458094925104,-0.47404526030300076
12.330573271632959,15.227165817576424,-0.22457327163295915,-0.6741658175764229
25.3606155381522,32.42394853810117,-0.3746155381521987,-0.4309485381011733
25.994039973252608,31.67035768408044,2.4839600267473934,2.459642315919563
25.50413818959126,34.4556363885344,0.006861810408739899,0.7353636114656013
18.236088634441113,26.159676166167184,-3.2360886344411135,-4.797676166167186
27.76758513197243,37.29443593068913,0.3554148680275695,0.8695640693108686
18.46230124412687,25.19329564587138,2.9546987558731317,1.573704354128619
19.448154228515783,26.02642659319724,1.3908457714842157,2.7315734068027595
13.512257472828606,24.747616061091836,1.347742527171393,2.878383938908165
10.124520811426352,11.868881675254725,1.139479188573647,1.2231183247452755
29.880252383860714,38.86942278813274,-3.489252383860716,-2.8774227881327405
14.107650251875413,20.892598900793466,-2.837650251875413,-4.714598900793465
29.029230010451315,34.12929406677301,2.131769989548687,2.8377059332269923
35.36431394323975,53.11298706966792,1.0556860567602513,1.5000129303320762
18.945675379210268,26.386908963235815,-2.6246753792102666,-1.0289089632358142
29.540350547692842,39.57007604686797,-4.044350547692844,-3.57807604686797
29.35625254535794,35.13858116873894,1.8817474546420598,2.2904188312610643
9.333823944088586,12.642919545824144,-2.793023944088586,-2.750019545824145
29.582032016027668,37.21264653364937,0.5949679839723316,1.140353466350632
22.58291366535656,32.950123042241124,3.0150863346434384,3.5138769577588747
26.940095738851685,31.243610297234884,1.1169042611483135,2.184389702765113
12.390484684798361,15.101568300543137,3.3655153152016393,3.048431699456861
10.83982783013925,12.24886939876391,-1.2048278301392497,-1.4848693987639106
13.176879459734666,17.35476585871425,1.5461205402653349,2.3682341412857504
25.175048264948806,31.942587787028373,-1.1770482649488052,-0.448587787028373
8.57766283883618,18.67588039934502,-0.56746283883618,-0.6448803993450198
19.347396413129484,23.435283603154172,-1.4583964131294849,-3.2502836031541733
11.348141172585542,17.375373303703082,-0.3991411725855425,-0.9003733037030806
30.84952187775379,50.910318872519916,1.6974781222462063,1.2736811274800814
30.71974298444672,49.85102435716572,2.6142570155532816,3.3159756428342817
19.5692844273764,24.14354122099107,1.7517155726236027,0.6174587790089276
19.690551810908588,23.48325682375742,0.7664481890914132,0.1267431762425808
31.94181569244301,42.31791784210039,0.7041843075569894,0.8060821578996098
19.969495040300366,26.75955508340889,-0.5554950403003645,-0.9305550834088905
34.84750965107315,45.03249277416715,-0.2275096510731558,-0.7644927741671523
12.66994331713241,15.148562114707353,1.5550566828675905,1.2514378852926455
17.82877025011473,24.98295099919667,-0.9917702501147296,-1.3779509991966705
24.55851407650728,31.36889604265445,-0.8785140765072796,-2.4168960426544466
26.960673030009325,36.71204031704654,5.0453269699906755,6.041959682953461
25.87609196005394,32.60382295652876,-0.17009196005394145,-0.8378229565287612
10.673650245178841,12.463025852002348,-1.0386502451788413,-1.6990258520023485
6.829516024301012,8.520315228787368,8.170483975698989,12.85068477121263
16.743696269956978,24.04338457879403,-0.7496962699569778,-1.4503845787940293
24.938821862600886,32.126250291519746,-0.4518218626008874,-2.044250291519745
15.023856810661195,17.745336165521906,1.245143189338803,0.9906638344780951
24.29874210959177,32.25543693773295,2.8092578904082295,3.690563062267046
24.589632873758337,31.019885975729235,7.340367126241663,10.560114024270764
24.910451068828806,31.603990073481913,-0.47145106882880583,1.4340099265180832
23.546992451218134,30.892246058526943,-2.8689924512181335,-3.4542460585269446
24.92460514681087,32.32817559111471,-0.04460514681086991,2.252824408885296
8.75196100364792,17.781022455104583,-0.20626100364792066,-1.418022455104584
23.677172221689766,34.1771625479998,0.1138277783102346,-0.12216254799979964
25.924527457474802,33.045582533617846,0.5614725425251983,0.6684174663821523
28.762655604477576,48.74338183492359,-3.950655604477575,-3.2013818349235876
30.593040036709024,38.73070768820932,-0.911040036709025,-1.366707688209324
28.141144533043175,35.49284088076118,-3.026144533043176,-6.966840880761179
16.12474368223977,22.75121776742911,-1.124743682239771,0.19478223257089056
25.15035924812742,30.75164655418441,-2.4143592481274183,-2.0156465541844106
20.027126613943377,27.07829060645309,-0.38712661394337644,-0.7972906064530925
16.9300657478079,24.721756562319896,0.6769342521920976,1.7552434376801038
16.63680000041481,23.831434974396196,-0.9498000004148093,-0.3734349743961971
25.599498504482806,29.445962381222266,-0.9034985044828048,-1.6199623812222654
18.437181975338618,25.314486074701158,0.7598180246613815,0.5645139252988436
23.516758874272025,30.499845979416236,-0.4817588742720247,-1.0408459794162361
6.351593471701976,7.530036397087648,-0.8142934717019763,-0.530036397087648
31.763166239171632,41.69420796974095,-0.7631662391716318,-0.6272079697409509
9.073201448569177,12.013972358877439,-3.0732014485691774,-4.058472358877439
24.94864848671097,31.91779316879834,-0.2896484867109699,1.8892068312016619
25.068976158359394,31.222282460692263,-4.062976158359394,-6.212282460692261
24.01122210610563,29.035738179072023,0.03377789389437069,-0.36073817907202255
35.09617504421021,53.22905495305161,-0.5871750442102126,0.11094504694839458
27.20202764532347,32.819136033871246,-0.8220276453234696,-0.4391360338712431
35.85938831575347,44.02117889286334,1.0736116842465293,1.1248211071366612
24.187670894009013,31.15830837422834,5.103329105990987,2.9866916257716625
25.061563510827607,32.115030201717374,-0.9525635108276056,-0.23503020171737532
12.14962866766319,18.356723714256447,5.723371332336811,5.2122762857435525
18.828912250772753,26.248558713467308,-5.786912250772753,-7.197558713467309
30.427731943759277,40.54925483164162,2.067268056240721,2.9457451683583784
21.89878722019721,31.90761755903942,-0.8917872201972088,0.09938244096057858
28.224870111724666,36.85770760919602,0.6991298882753334,-1.4757076091960215
26.671364782306345,46.67416640236332,-2.403364782306344,-1.495166402363317
11.8201314509034,18.006570653780052,-0.5381314509033999,-1.365570653780054
19.926194731240663,26.687807086013642,-1.6801947312406647,-2.441807086013643
28.205817360139548,40.638246898174856,-0.6308173601395488,-1.425246898174855
8.641011172233018,16.870487870960602,-0.17391117223301755,-0.2714878709606019
16.395851226372486,25.109999236490992,0.739148773627516,2.314000763509007
20.144817000927063,29.46012579655147,-2.474817000927061,-2.790125796551468
25.33774317499312,35.48846199371962,2.668256825006882,3.803538006280384
11.61833031082671,14.284002938062388,4.080669689173289,3.4149970619376138
8.904155263380463,18.864740634925887,-0.4370552633804632,-2.265740634925887
33.23343933653669,40.992779187702155,-1.2214393365366902,-0.9807791877021543
27.966098955374616,32.773471508823874,-4.338098955374615,-6.155471508823876
19.13812385109236,26.045245767798924,0.29287614890764146,0.601754232201074
23.64149191282893,31.52732860336279,-0.5014919128289286,-0.45732860336278947
25.340547162791623,38.35452097466149,2.3884528372083764,0.7814790253385127
34.088578635774084,41.988805080869795,1.7434213642259166,2.276194919130205
28.622985512003417,37.27152736448673,3.6200144879965848,4.385472635513267
30.81303625627238,37.86936844912296,-5.827036256272379,-9.523368449122959
17.788240063762878,26.0438141501808,0.2117599362371223,0.6191858498191998
14.329021817601413,20.68756195508742,2.5409781823985877,1.2344380449125794
18.227109497375437,25.281111073595167,2.2428905026245616,1.1068889264048352
16.537564557870127,23.766399759792037,-1.5375645578701267,-2.5813997597920384
19.048169028337774,23.452703418447246,2.3238309716622254,2.215296581552753
32.254491680413565,41.4998248298117,0.923508319586432,1.404175170188303
24.30981234970942,31.21715520920004,1.2421876502905782,0.16284479079995862
23.504037865630284,34.059397984075574,-0.16503786563028555,-0.6063979840755707
11.182079187533816,15.65612471229129,0.8179208124661841,1.3658752877087093
35.32097691854362,43.36714583956112,2.3370230814563797,2.3598541604388785
33.11967884277218,42.89886837822545,4.1613211572278175,5.095131621774549
35.72663933530215,54.06012000795372,0.5163606646978494,0.4358799920462815
30.23262907014069,40.36212152247325,0.767370929859311,0.47787847752675106
14.425990522496955,21.34257258236004,-3.155990522496955,-5.165572582360042
22.14870123137099,32.397717653834945,0.7592987686290122,1.5102823461650559
17.280958966960558,25.252666871755853,0.6200410330394419,1.6153331282441457
32.698139122285525,42.56032003958485,-0.455139122285523,-0.9033200395848553
25.540541021144733,30.4339079693211,-0.4405410211447318,-0.5709079693211017
28.141056673066288,42.80822984304821,0.27394332693371126,0.8137701569517901
17.29763164132323,26.71262302224225,-1.581631641323229,-0.23562302224225107
25.28573445329463,29.160703005670513,-1.4297344532946283,-2.733703005670513
22.915385332992354,29.689818723773776,-1.6113853329923558,-1.7148187237737744
25.446053385513302,31.880694784149263,-1.5830533855133027,-2.1086947841492645
9.218832269832099,18.765112206714043,-1.0673322698320984,-1.219112206714044
19.819213116947303,28.833514056850735,-0.0942131169473015,-0.20051405685073576
34.562707507006884,44.5337259257888,0.05729249299311334,-0.26572592578880005
12.296267888346842,18.08784565817929,-0.5142678883468417,-1.1968456581792921
31.322734394040506,50.47926996042947,0.12226560595949465,0.3267300395705277
19.0060558809147,25.932242858429433,1.1459441190853,0.32875714157056635
16.59887878755297,23.867182860479126,-1.5988787875529695,-2.152182860479126
13.755741668355773,20.156781659047333,1.6712583316442267,0.8992183409526682
27.006034585075614,32.250031148851974,-1.4670345850756128,-3.0190311488519725
36.482551446286045,54.98330738238932,0.465448553713955,-0.03530738238931974
15.867512271205147,23.800483687109274,-4.597512271205147,-7.622483687109273
24.9400353036613,32.329462851772924,-3.2420353036613,-1.747462851772923
19.771472780837975,27.414745508038894,-4.200472780837975,-5.329745508038894
31.186975474783903,41.43744800452832,-0.1869754747839032,-0.1414480045283213
8.862124236943163,16.64629898570257,0.07687576305683663,-1.4632989857025684
10.227588009183846,14.41428261443911,-4.227588009183846,-7.0300826144391095
29.291083051361568,39.514003205597795,2.335916948638431,2.9559967944022034
26.991705066721455,34.9280411988637,0.2252949332785441,-2.8990411988636993
28.475491492036102,33.802026345499925,-5.739491492036102,-5.066026345499925
14.443526551541003,20.940099393355588,-2.4435265515410034,-1.9400993933555881
12.415384418753083,14.907962170017782,-0.3093844187530834,-0.35496217001778163
10.629406003108842,13.57315482970832,1.7265939968911574,1.0788451702916788
28.13920715153465,35.485003593803114,3.098792848465351,1.943996406196888
22.23999991705074,29.795280576721908,-3.5559999170507375,-5.426280576721908
20.59594843650717,27.364829635430883,3.119051563492828,4.571170364569117
13.63192102832494,17.93690785654368,0.4380789716750595,1.1330921434563201
12.035997538223297,17.624870799395467,6.917002461776702,7.178129200604534
8.730038787074236,17.632075792553678,0.0516612129257652,-1.9770757925536788
18.39930777393357,24.80350297114032,1.4046922260664267,-0.41850297114031676
33.37443016568576,41.324593251081865,1.3185698343142391,2.0294067489181344
12.327530941078592,14.824628699909187,0.5064690589214074,0.09237130009081262
12.874440122427734,17.13486682621471,-0.6664401224277334,-2.5308668262147123
19.530532165615913,25.715728327733327,0.11146783438408647,-0.0737283277333276
13.94548879655875,16.92932401132837,-2.867488796558751,-2.890324011328369
27.48753471224194,39.98599182961948,-0.220534712241939,-0.6199918296194795
7.301572709787197,10.583321473597444,-1.3015727097871972,-3.342421473597444
16.56475511597403,25.854796098446233,0.4872448840259693,0.24920390155376637
19.864250828839303,26.055856515226345,-1.6182508288393045,-1.8098565152263468
16.081047297914335,24.294481650444748,-0.5510472979143355,-0.8144816504447476
19.71495869035477,29.15965217327791,-1.5759586903547707,-2.0206521732779095
13.680745371531392,18.036874390299374,0.7092546284686083,1.3531256097006263
25.826908893470716,32.73240713650564,-2.365908893470717,-3.6304071365056423
17.770350095034573,25.976763653517374,-4.258350095034572,-6.739763653517375
27.27923167035953,32.44046476554966,-3.2342316703595273,-3.764464765549665
17.889962210930655,25.567661042885916,-1.6309622109306545,-0.8896610428859155
10.920071043090656,13.407459974348876,1.0909289569093428,0.6035400256511227
23.060803644493497,30.025226658591677,0.7551963555065022,1.9747733414083228
31.037974349075455,41.612649646437426,1.4340256509245464,1.4913503535625736
15.793071841701593,22.857257992094144,0.8699281582984071,1.2507420079058562
29.26683178007902,35.08516898371414,-0.45983178007902126,-0.27816898371413856
23.87966073144647,32.10769355092977,8.83033926855353,10.172306449070234
33.69920792593682,41.88355788602893,-2.2822079259368167,-2.46655788602893
16.505929609767698,25.645218581489974,-1.0209296097676983,0.6777814185100262
8.912805473808998,11.844461690193853,-2.912805473808998,-4.175561690193853
11.487319004964634,16.846156098956236,-0.36031900496463365,0.2808439010437631
11.092968494486968,17.172190464409823,0.024031505513033125,-0.6131904644098221
24.311293117359924,30.68940219990194,0.9817068826400757,0.5205978000980593
17.33963336613825,25.7349435468827,-1.080633366138251,-1.0559435468827019
24.75303570205817,34.97213029024893,6.756964297941831,8.32486970975107
17.709722070858547,24.08675566242764,-0.7097220708585468,-0.3187556624276411
30.23590836323999,36.06377288175345,1.3860916367600105,3.6712271182465486
17.24965600977483,25.552679713394728,0.08634399022516703,0.5613202866052731
16.523217207721743,25.333060579987674,-0.08821720772174402,-0.4630605799876726
18.31265672144123,25.293721181013694,-0.21965672144122905,-1.2007211810136944
24.567387841408724,31.87437469367207,-1.8343878414087236,-3.9863746936720688
29.92696902974891,49.333593099525984,-1.65896902974891,-1.4885930995259855
24.909572377894936,34.536935405929384,-1.4625723778949364,-0.4549354059293833
19.77350587536127,26.361488951177495,0.3534941246387291,1.3295110488225035
18.435348575070414,25.96794277208238,3.3576514249295855,1.8250572279176183
19.18566485141317,23.202524378032464,1.4093351485868304,1.8294756219675357
25.096121343695323,32.77514509461775,-1.5551213436953226,-0.6581450946177512
26.293657634020022,31.01789428761273,0.7213423659799787,-0.08889428761273166
5.839751135692495,7.330363105037397,-0.4026511356924951,-0.33036310503739674
9.953029448724642,11.991313696857702,-2.5089294487246425,-4.369613696857702
35.15065895555717,53.53060292899474,1.8373410444428302,1.4613970710052584
29.37026070226018,35.14190906171402,2.4827392977398226,5.977090938285983
24.521520453901285,31.476652374433346,-0.5235204539012841,0.01734762556665359
24.6213208890421,31.785934593319656,-0.2763208890421005,0.921065406680345
28.147966334897173,37.3485346226572,-2.636966334897174,-2.1565346226571975
6.394909227798343,7.903164205238224,-0.5578092277983426,-0.903164205238224
26.101023093548108,36.15048881584987,5.971976906451893,7.789511184150129
25.627261051362243,30.24975622120106,2.1117389486377576,2.58224377879894
23.099299323557123,33.3927258546161,0.8797006764428765,1.5862741453838964
16.395980163581875,25.180417665293238,-0.29698016358187473,-0.9824176652932373
27.652343488949672,33.26291241905636,-3.7013434889496715,-3.3119124190563625
19.4617022145031,25.803032005280404,0.1782977854969019,0.47796799471959517
21.114722660699996,27.925848958394397,1.2962773393000049,0.4851510416056044
30.050189358991247,40.47214738583539,0.1268106410087526,-2.11914738583539
33.98274983436474,42.11919913060969,-3.1477498343647383,-3.284199130609686
13.781857312109047,18.22018068469706,-0.6238573121090472,-0.9041806846970601
14.649048624261066,20.738580346097674,0.35095137573893354,2.3934196539023276
13.742726834858496,26.399287890835442,0.9172731651415038,1.3737121091645577
29.171100227621054,39.19126880458309,-2.372100227621054,-2.792268804583088
33.761824307617225,43.661817840480886,-1.985824307617225,-2.627817840480887
13.302296931558052,16.068985555302497,-1.1962969315580523,-1.5159855553024961
11.53709878871806,14.088415963573457,1.39890121128194,0.847584036426543
29.687734644660875,39.848413870259236,1.3122653553391253,1.0615861297407605
20.533984138887654,26.431652562229484,-1.755984138887655,-1.6536525622294853
27.008055454824646,30.64919052548104,1.217944545175353,1.350809474518961
19.387558581827783,23.304892808306164,-5.874558581827783,-4.066892808306164
17.075060498558702,24.526529257781807,-2.0750604985587024,-1.4045292577818067
25.783422779442724,30.32121040320444,0.5925772205572777,0.3057895967955595
25.411209127134498,32.17834016133985,1.3847908728655014,1.136659838660151
15.711663568463889,23.59563210727283,-0.18166356846388965,-0.11563210727283035
32.42261932575353,41.9221094258599,-1.9986193257535305,-3.0731094258599043
24.676703537550626,31.878388723639926,-0.8987035375506274,-1.155388723639927
32.67163425369995,41.73886196703155,2.37136574630005,3.651138032968447
14.756447630056968,20.536611612917977,0.24355236994303198,-0.34661161291797526
34.75532889584719,43.08474491474691,1.418671104152807,1.089255085253086
29.70090608002777,32.64553346805482,0.12309391997223074,-0.2575334680548238
16.754446107415383,26.61401132088774,1.2205538925846184,1.3359886791122584
18.923265090174745,23.161317245423376,1.104734909825254,-0.12431724542337719
24.871026527111457,31.59228754300819,-1.1910265271114575,-2.6402875430081885
16.88441506615898,26.571537134619362,-0.952415066158979,-2.7075371346193613
35.41906391547738,43.90166723711549,-0.31006391547737877,-0.21466723711549207
13.428266265462284,24.64419474814531,-1.1402662654622837,-3.8771947481453104
25.66573413830044,29.966843162457728,0.7102658616995612,0.6601568375422708
11.23485823052765,16.753608282065933,0.6061417694723499,1.087391717934068
13.65675636802114,25.015758661505554,0.9892436319788604,2.0412413384944443
13.948954851807443,20.25737627148068,-0.6929548518074427,-0.5043762714806803
19.772848507121154,23.693234297594042,1.5991514928788462,1.974765702405957
18.60261973208474,25.086007995553135,-1.1696197320847403,-2.641007995553135
10.976373763807057,13.934723864115577,2.8826262361929427,1.9242761358844227
25.239439447202457,31.7170426240367,-1.4614394472024586,-0.9940426240367017
8.630501753526595,17.419418521919518,0.22989824647340562,-2.000418521919517
12.482795602660314,17.578854822386937,4.318204397339684,4.765145177613064
24.01733972165764,30.545235281291056,0.42166027834236175,2.491764718708943
29.303236992170927,40.78249310426221,3.23176300782907,3.686506895737793
31.230622706996357,41.637541095833384,-0.2306227069963569,-1.2545410958333818
26.682853447240454,39.263580669044885,0.2771465527595467,0.2564193309551186
11.97180562735026,14.629595832970393,-4.04780562735026,0.10440416702960675
28.820284648318978,34.448051356023555,-1.2262846483189769,-0.8540513560235539
26.228618116592557,30.274823699568184,-1.6856181165925577,-1.3458236995681858
13.61789282488087,17.9583217973246,-0.32689282488087024,-0.37732179732460125
27.606460715471,38.350503064890205,-1.4684607154709965,-1.0755030648902064
14.869815989577015,20.5248631729265,0.130184010422985,0.6691368270734976
26.82455233900786,32.11153444935744,1.9744476609921406,1.9124655506425583
23.667086148612047,31.79239773033082,1.2609138513879543,1.480602269669184
13.194783583506213,23.017982457903436,0.593216416493787,1.7490175420965635
13.826254412299475,19.63590330899104,-0.2102544122994754,0.3340966910089591
32.468258208012315,40.49532917829505,-1.0512582080123138,-1.07832917829505
8.744728570188952,11.934999670047052,-2.7447285701889523,-3.979499670047052
12.804776692042665,19.224076374919232,-0.8047766920426653,-0.22407637491923182
16.308172891717827,23.400845619738995,0.5078271082821715,0.8101543802610038
33.50768481965405,41.67302652493639,2.666315180345947,2.50097347506361
8.732289732618117,19.448437143448896,0.6617102673818831,2.733562856551103
24.742974988679283,31.57452158873487,-1.4389749886792842,-3.1495215887348706
13.129239263557333,19.831869364350098,2.297760736442667,1.224130635649903
16.600510090186425,25.833090819048703,0.26848990981357446,1.4129091809512957
25.580593716773024,29.637302706265704,0.375406283226976,0.28969729373429587
29.82216352796997,50.20633712710691,-5.61616352796997,-5.0693371271069125
13.479641095528384,19.58808018934331,-0.9456410955283836,-0.26808018934330846
8.033585281184614,15.881852848392562,0.7481147188153869,-0.22685284839256248
24.256432938490406,31.14573880865108,-0.7154329384904052,-1.25173880865108
15.902051025388063,23.05492063771169,0.9139489746119356,1.1560793622883097
23.771913181140444,31.759181726466295,2.080086818859556,2.284818273533702
27.52507572331445,36.5298363053511,4.480924276685549,6.224163694648901
23.744856040398414,30.3829737099227,1.4941439596015869,0.9650262900772972
19.024631814135425,22.18628133521606,0.5783681858645764,0.2847186647839415
12.25968263198574,15.13116297609989,4.226317368014261,3.35483702390011
10.755023557614079,15.827965539673167,0.12097644238592054,-0.25496553967316693
18.965618674664295,23.06221719607946,1.0623813253357035,-0.025217196079459825
13.874160680523579,19.61764743917505,3.459839319476421,3.3353525608249477
13.51743364982917,18.21756816271253,-1.641433649829171,-1.5025681627125316
6.345215649336651,8.059613542414526,-0.3452156493366507,-0.8187135424145264
17.559029006590364,24.28116333727571,-0.5590290065903645,-0.056163337275709324
28.13446504348837,33.02780276436292,-5.174465043488368,-7.260802764362918
23.987272088270508,29.338339132137932,-1.1722720882705069,-2.0463391321379305
36.329121355058916,54.56969630143427,-1.1261213550589133,-0.7676963014342704
25.42707354192606,29.741987822188392,-1.8550735419260604,-2.026987822188392
25.874368456625373,31.25549071329315,2.4396315433746274,7.172509286706848
27.20322165123961,32.406276495506674,3.0037783487603917,3.201723504493323
26.93068947135041,30.247536861260944,2.5383105286495926,1.7154631387390573
15.942781760581246,25.545328122189137,1.4212182394187547,2.030671877810864
5.994018112127996,7.953385769580909,0.0059818878720037105,-0.06928576958090904
16.71145475867771,26.333752116709153,-1.0754547586777115,-3.0617521167091546
22.411601480056408,30.53582366800967,-3.4636014800564077,-5.639823668009669
8.741941482535445,9.773270310146046,3.0710585174645555,4.102729689853954
32.72296776356457,42.44939603956818,-3.7849677635645698,-4.142396039568176
25.191395849574167,32.14234163548612,-0.6413958495741667,1.280658364513883
16.768276955145872,23.601196712122658,-1.768276955145872,-2.2391967121226592
25.79359700404924,31.14947257139712,8.085402995950759,8.58852742860288
29.666339851850623,36.2837559315074,1.417660148149377,0.22224406849259992
11.239062271192898,16.874407960669465,-1.210062271192898,-0.8454079606694656
16.45192113153969,25.570403924997585,-0.7359211315396923,0.9065960750024153
29.39927446281722,39.55593118921449,1.4927255371827783,2.300068810785511
25.873841195105815,35.575739860079594,6.903158804894186,7.756260139920407
31.67968706397698,41.987900251887545,-0.6796870639769814,-1.1479002518875419
20.022298843270182,27.297306954847066,-0.15129884327018317,-0.5543069548470676
29.39151009186112,38.03749992978441,4.251489908138879,5.486500070215591
25.08719482504706,34.85254436235939,0.42280517495294134,0.3384556376406138
14.224059576504352,17.428092125434596,0.5119404234956484,-0.44409212543459375
23.709840136386052,31.6155454269723,-1.0828401363860536,-0.25954542697229854
28.927410025655764,38.79443863469764,-0.3364100256557627,-0.006438634697644829
17.785281978401645,24.537229235532322,3.321718021598354,2.105770764467678
17.706512574875003,24.995818424617564,-4.765512574875002,-5.9538184246175625
27.535603699221287,35.24206059767623,-2.840603699221287,-7.416060597676228
26.223525986204546,47.034484700069605,-2.0175259862045465,-1.8974847000696045
17.104313787935915,25.558893525072143,0.8956862120640849,0.5441064749278581
16.359985228650345,23.841352926488685,-1.3599852286503449,-2.479352926488687
32.210098823726284,40.939442245683416,0.032901176273718136,0.7175577543165801
31.010516551285246,41.31769464318114,-0.010516551285245868,-0.407694643181145
18.988797402534146,22.89006986231202,-2.3267974025341474,-1.0760698623120213
16.44876731807119,20.910357598598132,-2.105767318071191,-1.5673575985981323
21.597636188430346,28.761467045294697,4.663363811569653,6.182532954705305
11.961571635090316,16.891235233090377,3.760428364909684,4.218764766909622
25.11853665303006,29.27866426952788,-4.109536653030059,-4.353664269527879
23.27098158750948,31.450690052732885,1.6570184124905225,1.8223099472671187
23.140608480455246,31.188255241081137,7.529391519544756,8.151744758918866
9.753092320594565,11.187602181330341,0.002607679405434382,-0.32960218133034047
23.733966392305565,33.990773385226866,-0.8259663923055633,-0.08277338522686506
33.27398142953855,41.390084299807654,-0.663981429538552,-0.7800842998076547
17.782469686534753,25.052403555221005,0.42053031346524605,0.5225964447789941
22.823844545451614,26.533373330884974,5.571155454548386,5.1616266691150265
31.463428879774398,47.049020579500706,4.956571120225604,7.563979420499294
26.126494751177464,31.444035879122993,4.079505248822535,4.162964120877007
31.50306299274635,41.5952401005715,-0.5030629927463508,-0.07224010057149854
27.882790474306805,34.12782821668393,0.9392095256931938,1.7621717833160702
31.144051598695032,50.6768676115281,2.189948401304971,2.490132388471899
33.44093495702596,41.54356661707435,3.3300650429740415,3.2274333829256534
16.878522623188573,26.094445529113475,-0.08952262318857152,-0.5164455291134757
25.039512443278202,32.556443858298934,-2.3065124432782014,-4.668443858298932
16.74310580043574,23.665584216792375,2.536894199564262,3.4484157832076257
29.208834029611854,34.78516528798082,-1.5198340296118538,-2.9991652879808157
30.436065492468824,40.61790716276007,0.5639345075311759,0.6780928372399302
28.923000628625406,44.04442297069421,-2.7330006286254047,-4.139422970694206
14.665546042278457,17.26718502063669,4.153453957721542,4.38281497936331
13.905265335566119,18.328105910881476,-0.4812653355661194,-0.4801059108814769
25.65868435563821,35.429627744574056,4.69431564436179,5.258372255425947
23.620748324603806,31.40394706909509,-1.0957483246038073,-0.6419470690950888
5.520781791988437,7.008252227473141,9.479218208011563,13.65874777252686
23.70694311795345,31.223417832645826,4.36305688204655,2.311582167354171
11.59691178616924,17.584170571081458,-0.8149117861692403,-1.1931705710814597
6.822377150233293,9.098384676382992,-1.1851771502332928,-2.0983846763829916
23.533350442635108,30.994136258108313,0.8786495573648914,1.0058637418916874
16.7309458876696,26.269828124526416,-1.245945887669599,0.05317187547358415
29.277432526579243,39.780890745832195,1.075567473420758,0.907109254167807
11.335498063334366,16.102143206739743,-1.5359980633343664,-1.760143206739743
16.967202723763766,24.07951738504593,-0.9732027237637659,-1.4865173850459286
10.73540828873951,15.187936119887857,0.17659171126049067,-0.2759361198878558
8.671490971122058,19.434080998992407,-0.046690971122057334,0.4409190010075932
14.16292488174782,18.613170682532854,0.6680751182521796,1.217829317467146
23.452465890593775,30.664315719426696,1.9385341094062234,1.3356842805733038
27.295414774868586,33.22428544110453,0.9175852251314147,5.710714558895475
11.619513127621715,14.273424720773004,-1.4515131276217161,-2.105424720773005
18.065179049377697,25.031338131442997,-1.0651790493776971,-1.784338131442997
12.45217235835808,15.149212537822127,-1.3741723583580807,-1.110212537822127
24.874021578348806,31.43636655003873,-0.43502157834880606,1.6006334499612684
36.12511321242742,54.302332472740105,0.2658867875725761,0.08866752725989357
16.331422903743004,19.91147521580968,0.9565770962569964,-0.011475215809682027
18.280773356362133,26.96365857596708,-0.6107733563621309,-0.2936585759670791
23.496886704776156,30.258050640667673,-0.46188670477615545,-0.8000506406676742
29.881787913602693,40.373693750987215,1.7452120863973057,2.0973062490127816
14.353704802123604,20.5514153099331,0.6462951978763964,0.6425846900669008
17.895395558816688,25.987668346841634,0.10460444118331225,0.6153316531583677
18.966847002250667,23.22321224426083,-1.5008470022506657,-3.60221224426083
13.59936522960712,19.817440146310176,-1.5993652296071197,-0.8174401463101759
16.05781744478501,22.85235989738079,0.08118255521499051,0.9066401026192104
12.87501671099912,15.88087246782544,-1.7870167109991204,-2.7928724678254415
26.47346176368086,30.739470039936258,-0.7104617636808577,-0.2854700399362571
7.531226550337981,10.075760253070113,7.468773449662019,10.791239746929888
8.939394744796498,10.070309373121056,1.7836052552035024,2.248690626878945
13.27416401035027,24.68700208411283,-0.7701640103502712,-3.34400208411283
30.952162265533264,41.932715918458996,0.04783773446673578,-0.18071591845899349
25.922935435279793,32.846246696407945,0.5630645647202073,0.8677533035920533
34.72152379671565,42.9158569552781,-2.7095237967156507,-2.9038569552781013
27.76042140658432,41.57619345515051,1.2765785934156781,2.979806544849488
24.91356658428943,31.846689581938534,-0.42656658428943217,-1.7646895819385335
24.11110749477089,31.377556163737943,0.04189250522910726,0.6224438362620575
16.570109775812874,25.63897656719197,0.7148902241871262,0.9300234328080279
27.937151151402855,42.20768168999601,-0.45515115140285545,0.014318310003993417
24.579283623200197,32.2778355513305,-1.4992836232001991,-0.5448355513304968
18.638160163444255,22.8027740760844,-0.7491601634442553,-2.6177740760844017
26.103136060688055,33.32577775487357,-2.240136060688055,-3.553777754873572
26.93619093792519,32.954448396725454,1.8858090620748094,2.935551603274547
28.166761617859247,37.8695843982089,4.305238382140754,5.234415601791099
27.43170270422123,47.618992288294685,6.536297295778773,6.341007711705316
26.785575508765493,32.058140362602344,0.012424491234504842,-0.7281403626023462
26.907590062826873,40.52728395768959,-0.7175900628268721,-0.6222839576895893
7.619557496214616,13.28003562878825,1.2408425037853839,2.1389643712117508
17.788000029379106,21.962322363796186,-1.914000029379105,-0.7923223637961847
11.496612673700145,15.800185730805802,0.5033873262998547,1.4998142691941982
29.612129114898035,36.70803719694866,-1.4131291148980338,-2.3090371969486583
29.575787454795616,37.05360812955118,-0.6707874547956152,-1.2426081295511793
26.064894747173224,31.13744278710828,-3.2498947471732222,-3.8454427871082792
19.70222190527494,23.217855927884045,2.0447780947250607,2.1111440721159553
10.451356650032748,11.981476653782806,-1.3609566500327475,-1.9951766537828064
18.2194103767727,25.392563785148866,2.8875896232272993,1.2504362148511348
11.304017622139837,17.209915804671603,0.35898237786016374,0.4530841953283975
11.823802306555912,17.252040345799138,0.1761976934440881,0.3249596542008639
11.689351459582612,16.7410362490486,0.31064854041738776,0.8359637509514002
7.4532129500769155,9.640947373721973,-1.4532129500769155,-1.9720473737219733
31.394410880996748,40.15559783267092,-0.47741088099674656,-0.32059783267092
27.888903695338893,30.99654400750239,-5.0329036953388915,-4.378544007502391
13.085864860271323,17.03410498387565,0.9841351397286768,2.03589501612435
31.19138707518701,41.486513178621394,-0.19138707518700926,-2.0175131786213925
25.551882422579244,30.905452002618564,0.9491175774207576,0.5335479973814365
23.46959116374516,28.70297895951675,-2.4635911637451606,-3.692978959516747
17.54794864672207,21.900066858911813,0.6860513532779322,1.2009331410881856
12.020706703788273,17.72349631243771,5.851293296211727,5.844503687562291
24.64913178317398,31.367233106848296,-0.5391317831739819,-1.8132331068482976
29.96041323082764,35.27079794772534,-0.24541323082764066,-0.9057979477253397
8.676262189237114,19.402144234478072,1.0254378107628863,3.702855765521928
19.681468093859163,27.58372190767175,-0.1644680938591634,-0.6097219076717515
11.451017219227156,17.049064187284202,-0.5020172192271559,-0.1000641872842003
25.62617864687513,32.64358126356173,-0.5001786468751277,-0.767581263561727
17.80217613835692,26.19058173147313,0.19782386164308008,0.03941826852686958
13.453482289427281,18.37669811740448,-5.268382289427281,-5.87969811740448
11.155354601318798,15.212138732009336,-0.2433546013187975,-0.3001387320093354
11.57976087830239,15.84165707247495,0.4202391216976107,1.0603429275250509
25.506515782412265,33.07866456648118,1.3354842175877337,-0.15766456648118066
32.37718912085633,41.176393426163685,2.6658108791436703,4.213606573836316
27.29743524674355,32.81436457953177,1.6265647532564493,2.5676354204682283
25.44038604803002,33.2388960652801,0.5766139519699784,-0.6958960652801025
20.113591159528013,27.618011813164973,-3.2975911595280145,-3.4070118131649743
22.78173719475061,33.18839686432802,-0.29673719475061233,0.2966031356719796
32.40918680770977,41.72553584310048,3.566813192290226,4.909464156899517
31.82035642505153,42.2823565426356,0.42364357494847127,0.9616434573644028
16.730347416848403,26.55496596215807,-0.7843474168484033,0.07603403784192864
6.867133792251872,9.087490202127203,-0.867133792251872,-1.2746902021272026
27.980906692412916,36.77189021169191,-2.864906692412916,-8.245890211691911
19.61175704902552,26.461557296325918,1.1072429509744808,2.116442703674082
23.17657867106321,30.18279028124048,0.6394213289367876,1.8172097187595213
14.061781757001244,20.371167484792792,0.9382182429987562,1.5318325152072063
6.292246802450331,7.628580960472133,-0.29224680245033063,0.1123190395278666
26.068028209085938,29.002159454948675,5.442971790914061,5.410840545051322
9.033201991289666,10.402764243570973,0.3409980087103346,-0.07876424357097278
24.21556773760616,29.319457287219123,5.806432262393837,6.702542712780875
30.26572639874734,39.55558578283018,2.089273601252657,1.8574142171698185
21.34034118410613,27.79391669072562,-3.24734118410613,-3.70091669072562
13.009462143025983,15.568901049091295,-1.9314621430259837,-1.5299010490912952
26.34375166398106,35.36973343603939,6.127248336018937,7.73426656396061
29.39547894048645,35.806868644848905,0.9945210595135521,-0.5838686448489057
17.34394330305045,25.39916137991484,-1.8139433030504524,-1.91916137991484
27.668101686406253,41.61231945235822,0.12489831359374648,1.0766805476417787
20.389289527774494,27.628783023813725,-1.4412895277744937,-2.732783023813724
27.015184701027405,37.819689915666146,-2.428184701027405,-2.434689915666148
12.79231393407718,18.299700905430054,-6.79231393407718,-10.344200905430053
17.180143464028976,26.699380933082587,-1.6951434640289769,-0.37638093308258647
16.751023173087233,25.870110179449508,-0.5740231730872338,0.9148898205504921
23.856848687273924,30.496129731582315,1.3821513127260765,0.8518702684176844
18.193923441244806,25.084213345541635,1.6400765587551938,1.0497866544583658
11.55136001697638,15.007003246450596,6.865639983023621,9.183996753549403
13.769537954286356,18.16780823781015,0.48946204571364405,1.091191762189851
24.59807541538321,32.09845377928487,-3.3650754153832096,-1.904453779284868
25.222508978843518,29.527708018749003,-1.7855089788435166,-3.7987080187490037
28.516332702833296,43.15142981430226,1.453667297166703,2.8045701856977416
13.62011186593891,17.94065355076325,-1.262111865938909,-2.2236535507632507
12.416345815652576,18.248560899075112,-4.2310458156525765,-5.751560899075113
27.218172503026377,40.121507087045345,0.04882749697362243,-0.7555070870453449
11.429117110460608,16.93048916576478,-0.6611171104606068,-0.16248916576477868
23.63970565849133,33.136325517931844,-0.6817056584913317,0.3866744820681589
20.612426666880623,26.325443591297123,-2.2904266668806237,-2.003443591297124
11.391836908910651,16.091943440642137,-2.132436908910652,-2.366943440642137
18.40188893280343,25.049535471137734,-6.4018889328034305,-6.049535471137734
31.846710528333947,42.05312148782619,1.406289471666053,2.199878512173811
12.883225192086243,18.344887738033663,6.069774807913756,6.459112261966336
28.990457455667187,48.392486454413124,2.4545425443328135,2.4135135455868735
27.40009317520433,38.02031526507611,4.103906824795672,3.8906847349238944
19.38681245285558,26.450110577469324,-3.23881245285558,-0.7461105774693237
16.51054860413251,25.780221975453742,-1.10554860413251,-2.969221975453742
22.650354240006912,33.10658773222306,-2.6243542400069124,-4.072587732223063
25.617054435631555,33.181771872577585,0.08894556436844425,-1.4157718725775865
16.10030173966768,22.596766813582633,-1.1003017396676817,-0.8817668135826331
14.250528219814221,18.83425114686342,-0.09752821981422066,0.3187488531365794
34.406934017704664,51.65417770826266,1.6660659822953363,2.4188222917373423
12.346614438194337,15.082652932554925,0.1443855618056631,-0.337652932554926
13.583089048684934,19.941325376788825,-1.5830890486849345,-0.941325376788825
18.020103354760217,24.809305162668032,2.1318966452397845,1.4516948373319671
26.82074455427627,30.935861439626088,1.236255445723728,2.4921385603739097
17.409276698975123,24.459456552354226,-0.4092766989751233,-0.8434565523542261
18.27739280685107,25.518442553573298,-1.0183928068510681,-1.407442553573297
19.438705764746228,26.51138202146142,1.1372942352537727,1.8526179785385821
16.38190994376643,23.319103272177255,-0.8109099437664309,-1.2341032721772542
9.403086896271633,13.185356424458664,-2.058186896271633,-1.8403564244586637
31.51989967930015,41.85476930337826,-0.03589967930014737,0.6292306966217396
30.242697955686257,36.9969658864494,-5.931697955686257,-9.510965886449402
20.78421080875516,26.932233054599187,1.9347891912448425,1.7867669454008137
16.812529418478547,26.535303525915264,-1.0965294184785481,-0.058303525915263776
32.28803951819714,42.052953261206916,-4.196039518197139,-4.514953261206919
11.002465193396246,15.24072092651828,-2.350965193396245,-2.5897209265182806
7.453738845784974,11.170470232864798,-2.316138845784974,-4.170470232864798
14.179763683850709,16.57986957899265,-0.3217636838507083,-0.7218695789926493
36.24437309456471,54.50165370666954,-1.0413730945647046,-0.6996537066695439
13.867903993507042,18.229282611296362,0.9630960064929575,1.6017173887036371
22.761302424352685,33.02424350834623,1.6406975756473159,2.37775649165377
17.236340842463676,25.537085443407197,0.7636591575363241,1.2439145565928023
25.881716866700888,29.893259097546217,2.1292831332991113,10.053740902453786
7.779387966419945,11.01150186349551,-2.6418879664199446,-4.011501863495511
23.796921435096696,31.893904582356953,-2.0989214350966954,-1.3119045823569522
33.207348971085096,42.5397959457937,-3.030348971085097,-4.186795945793698
31.404963310922945,39.946431536734636,-1.969963310922946,-3.0764315367346384
28.014703979400768,33.892423486987454,-1.6357039794007662,-1.513423486987456
18.650274027875447,26.31712197852361,-3.6502740278754473,-3.3711219785236075
31.5927459115931,39.298186996253506,0.4202540884068995,0.7148130037464924
27.564949704865867,31.443632206356614,-1.0739497048658677,-0.07963220635661372
32.17776800529151,42.41755234501031,-0.18876800529151083,0.5714476549896901
19.566085340222596,25.814626134874455,-2.875085340222597,-1.1966261348744567
14.024034596298037,19.227340049118496,-0.7330345962980367,-1.6463400491184963
16.770097945350695,26.05151406570747,-0.8240979453506956,0.5794859342925314
11.062920514309953,12.746708292288522,1.293079485690047,1.905291707711477
14.3232248531238,19.96670840406806,-0.755224853123801,-1.3177084040680604
11.86805468934991,16.29461070964799,0.13194531065009052,-0.11061070964798958
23.8244973436054,36.1337777013197,5.834502656394598,9.355222298680296
12.49131574606569,18.764532873449745,-1.5423157460656896,-1.8155328734497438
28.686580586921682,43.42882425217058,-1.8805805869216812,-3.831824252170577
11.460802708274336,15.314259894446728,0.41919729172566456,0.5657401055532727
19.790487039974447,26.715703836484018,0.46451296002555154,-0.4607038364840186
13.666262993680611,25.950921821682332,-0.5042629936806104,0.8240781783176665
23.48692013050086,33.89234090625057,-1.9909201305008608,-1.3963409062505647
8.80401634270536,17.23114957670429,-0.3544163427053597,2.1178504232957103
16.1807275065134,23.12038458428459,-0.04172750651339996,0.6386154157154103
14.819028161413698,21.39980799375704,0.18097183858630217,-1.209807993757039
16.854616763731862,23.885586739738283,-1.8546167637318618,-2.347586739738283
28.3966240436297,31.854878387218495,-0.002624043629701589,-0.15987838721849457
11.3218105110695,14.44059638325564,-5.0871105110695005,-5.6190963832556395
10.720645630156229,13.469663418796468,2.215354369843771,1.4663365812035316
25.162104470677576,28.568379558948212,-3.2311044706775753,-2.7983795589482128
16.552436020829273,23.850586273504955,0.11056397917072758,0.2574137264950451
31.498664916325957,40.594079717151885,1.6793350836740402,2.3099202828481182
27.595360581298422,41.903481598745174,-0.42536058129842047,-0.14848159874517108
18.596073295653596,22.621181064817794,3.5599267043464025,3.688818935182205
16.88796107746385,24.196134222869794,0.15403892253615226,0.16486577713020623
34.90912035908724,44.663115742208895,-0.6151203590872427,-0.8521157422088947
31.659636873418023,41.57850455138642,-0.6596368734180231,-0.7385045513864199
32.34757277343061,41.64639968975692,2.695427226569386,3.7436003102430817
28.957805083680586,31.778609750430864,-0.20480508368058636,-0.6746097504308644
26.51647369791859,46.227491744675184,2.658526302081409,2.2225082553248185
27.035681920660796,46.68196316121498,4.774318079339203,4.5810368387850176
16.669616918376008,23.753993382554366,1.2753830816239926,1.2090066174456346
15.541922734269727,18.683950505725647,3.277077265730272,2.966049494274351
13.20106382962821,26.570917909764376,-0.3270638296282087,0.0120820902356229
15.347368731810553,22.854493914816956,-0.8813687318105536,-1.197493914816956
15.055101246354596,22.3791667654585,-0.5891012463545966,-0.7221667654584998
35.29427693053427,54.071460425161305,0.6047230694657344,0.19453957483869289
26.2147248857281,46.83921566448156,-1.8267248857280975,-1.5802156644815568
18.26809435674791,26.645069340643417,-0.26809435674790905,-0.5420693406434154
16.189542204278858,22.577475614389044,-0.4015422042788579,-1.3044756143890446
31.227546674195086,50.58121139843223,0.5824533258049129,0.6817886015677672
8.970300478579333,10.395231102582443,0.7854995214206681,0.46276889741755767
31.885529019904624,42.01376466580133,-0.8855290199046237,-0.717764665801333
24.62851066054281,31.426964475670808,-1.5935106605428082,-1.967964475670808
14.051732808252066,16.719798886337365,3.8892671917479333,3.9272011136626332
23.591659032410664,34.100439853835056,-3.5226590324106652,-3.8794398538350556
25.945402418999578,30.493315647984954,-2.089402418999576,-4.066315647984954
14.18829540490884,19.778320809266756,-4.928795404908842,-6.053320809266756
20.171215213259607,27.42756570281294,0.4047847867403931,0.9364342971870592
15.125052097251498,21.58966534799051,-3.4620520972514974,-3.926665347990511
20.085682970402285,23.970738550726875,-1.3426829704022865,-2.6477385507268743
20.0586705558377,26.437840324006324,-0.4166705558377011,-0.7958403240063241
11.303387767794934,16.96683097938051,-0.02138776779493412,-0.32583097938051253
33.958419743480746,42.11806572877404,-2.540419743480747,-2.7000657287740424
26.38804049297046,30.289236227924153,2.776959507029538,1.7107637720758468
8.666930270678431,19.382902355838816,0.5730697293215687,2.337097644161183
35.533617624981716,54.16254217175758,1.0573823750182854,0.5644578282424177
13.459371920140498,26.55324235263762,-0.5253719201404987,-4.062242352637622
17.106499470628005,25.452395107072622,-4.768499470628006,-7.444395107072623
9.722078710077271,13.393076091112754,5.277921289922729,8.509923908887245
18.72670654857923,22.77373229612313,-2.064706548579231,-0.9597322961231285
10.207182007184727,11.936883812305272,-0.028182007184726743,-0.3958838123052715
29.585038998110843,39.907688585492124,0.3859610018891573,0.7203114145078757
23.762627387906033,30.692703299100796,1.9263726120939673,1.3072967008992045
21.286706299780544,31.127503085413263,0.6902937002194562,0.5084969145867362
18.553820029803436,25.621473346893477,5.161179970196564,6.3145266531065225
26.090020092629317,36.838814535864344,-2.6430200926293175,-2.7568145358643434
26.413558044954744,37.43961855225649,1.1004419550452553,1.2903814477435063
16.589904513695295,26.071163124759945,-0.41290451369529535,0.7138368752400552
14.3118436629786,17.049069502507923,-2.9528436629785997,-2.869069502507923
11.679449852711064,17.224203756623474,0.5195501472889354,0.9747962433765274
35.6496238053524,53.86006863091552,-0.4466238053523952,-0.05806863091552117
25.22154005020222,33.55820080856829,-2.488540050202218,-5.670200808568286
24.41200747721312,31.783260522802475,1.1919925227868795,0.5187394771975242
27.312995011375858,30.619612851448224,4.654004988624141,4.3413871485517745
20.8656189532436,28.00662535687024,-1.9176189532436005,-3.1106253568702407
24.299179670615075,30.062124733189062,-0.43617967061507557,-0.29012473318906373
18.090000952161667,24.54462236106551,2.379999047838332,1.8433776389344914
30.019418899231244,49.12607871183553,2.1575811007687555,2.595921288164469
19.46899919645601,25.84975741385379,3.562000803543988,3.181242586146208
20.970579632462993,27.642784868052683,1.1334203675370063,0.46121513194731634
25.880921090310366,38.8645872820146,1.6010789096896332,3.3574127179854045
11.656441384443736,17.175354437221994,-0.5294413844437358,-0.04835443722199528
24.350669511082145,30.866903518599106,-0.24066951108214596,-1.3129035185991071
24.358911484521013,31.19478409041382,-6.189911484521012,-7.0257840904138185
28.028133876788807,37.67699185163529,-2.198133876788809,-2.5699918516352938
28.9642877403395,40.07168930635366,1.388712259660501,0.6163106936463407
19.26720164278738,22.583446163810514,-5.75520164278738,-3.3464461638105156
23.658019022136394,33.93831033674096,1.9399809778636055,2.525689663259037
11.41331096846036,13.338079242499989,-2.3227109684603597,-3.3514792424999893
14.899617313434739,22.183942785869032,0.10238268656526195,0.39105721413096717
13.975146508515678,18.487131191363268,0.5108534914843226,0.9988688086367326
8.576352780102377,17.36013166186737,0.048547219897622895,2.5148683381326293
19.141257600963044,28.04120937499391,-3.079257600963043,-3.6502093749939135
32.65575864463975,42.419857888009176,1.6382413553602504,1.391142111990824
16.71949248208846,23.003237845817566,-4.719492482088459,-4.003237845817566
25.507943716063394,33.57310404810447,0.19805628393660513,-1.8071040481044705
17.62837467593225,25.983442675104033,0.3716253240677503,0.9845573248959667
27.618558472750898,33.21266645860229,6.259441527249102,6.525333541397707
29.200088172396022,31.958247183382944,-1.1610881723960205,-1.7112471833829446
26.969967560315265,32.915328836378315,1.5080324396847367,1.2146711636216878
14.248290245633289,17.06112197729918,-2.7472902456332893,-2.810121977299181
13.002359709160217,15.36181135616873,-0.16835970916021736,-0.4448113561687297
24.345276443740563,30.91598891399363,1.6987235562594378,1.345011086006373
19.306405540129518,25.976760534945008,2.7975944598704814,2.1272394650549913
26.0260888632072,33.373224252369,2.0429111367927995,0.16177574763099756
14.112951111806042,20.28446804593446,-2.1129511118060424,-1.2844680459344602
13.853466150251826,17.06760671274006,-2.2104661502518255,-2.746606712740059
23.960213484416943,30.874902364590252,-2.656213484416945,-2.8999023645902504
19.226423690925827,26.617484613866203,3.6425763090741725,4.318515386133797
24.82732217915758,31.598929937361813,1.9696778208424206,1.7160700626381846
27.227374116266823,41.05969630338631,1.1876258837331761,2.5623036966136894
35.18051728431604,43.1879638072464,1.5904827156839616,1.5830361927536032
19.77949652010613,23.750685587833704,0.8155034798938701,1.2813144121662958
26.960454404962217,36.10795738775579,7.102545595037785,8.190042612244213
21.45154665396855,29.4710657424717,-5.22554665396855,-3.923065742471703
19.216024926359466,25.954668815358502,3.8149750736405323,3.0763311846414965
12.11313372957862,17.844067674065712,-0.11313372957861922,-1.302067674065711
13.836095907485726,19.423911136840534,-1.3020959074857252,-0.10391113684053366
11.37713385143433,17.399494581899887,-0.07213385143433015,-0.09449458189988746
11.422664554781246,15.683718444214941,-1.8072645547812467,-2.068718444214941
11.985165825705804,14.806795109294326,-5.974965825705804,-6.770995109294326
12.57644982605279,15.280009341491741,5.73255017394721,5.786990658508259
8.70944006435194,16.950389104938196,-0.5461400643519401,1.5396108950618022
19.238541171365647,28.37372404948541,-0.784541171365646,-0.91972404948541
35.51958714425669,45.47512105118039,0.6184128557433084,0.9178789488196131
19.382388643314975,25.84834157759331,-0.908388643314975,-1.3743415775933094
14.921275047093431,21.008678669482464,-1.3532750470934314,-2.359678669482463
29.54452978205778,40.23879682301581,3.1014702179422216,2.8852031769841915
16.770710675239553,26.219538864895434,-0.8387106752395521,-2.3555388648954327
21.388827598765094,31.270403241757606,1.4911724012349055,1.5695967582423975
19.307446109819338,25.76075187378928,-2.307446109819338,-0.9267518737892821
19.184993189841094,23.620682077373093,-5.672993189841094,-4.383682077373095
9.395814089147887,17.620309500336226,-0.9287140891478867,-1.0213095003362263
24.054722017805993,32.02096240026185,-0.13772201780599147,-0.5629624002618527
35.80396274322119,53.1255322192129,0.826037256778811,1.5044677807871025
15.607112888297051,19.01590825527261,-3.607112888297051,-0.01590825527260975
17.27085804437825,25.848167013016187,-1.1228580443782512,-0.14416701301618673
27.134710459117162,37.92477340032364,-0.35071045911716325,0.6442265996763652
22.750685254917574,29.367609380317052,-4.200685254917573,-4.817609380317052
25.51075665749991,32.86075603842595,0.09324334250008803,-0.5587560384259476
24.669060312684927,34.039977968201384,-3.987060312684928,-3.1179779682013837
11.058175164706356,14.809457137583362,0.9418248352936445,2.0925428624166393
12.303413497155981,17.390828995784453,3.957586502844018,4.336171004215547
16.798751100508664,25.98609239101865,-0.3577511005086649,0.9749076089813471
36.16811412858114,54.206595445784224,0.6998858714188643,0.6614045542157783
32.35697823606043,43.19356561226863,0.39202176393957444,0.5554343877313741
28.37224264236014,40.09078350844152,-5.41424264236014,-6.567783508441515
17.481789467223805,25.812968688050354,-1.4097894672238063,0.04403131194964516
21.054962518101988,27.1506570619402,-2.8859625181019872,-2.9816570619402007
22.952641619597046,30.022565276389802,2.2863583804029552,1.325434723610197
29.88322272620069,40.15255229118149,-0.6662227262006901,-0.6725522911814963
24.173554032706313,30.634083385941395,0.17144596729368544,2.072916614058606
27.72824258136384,37.788273498614075,-0.7332425813638395,1.2007265013859225
21.587206430196503,30.45723906092146,-2.817206430196503,-2.68723906092146
29.57866345820078,39.42879995365996,3.8583365417992184,4.399200046340042
18.518570927171613,25.375074032396544,-0.9115709271716135,-0.13207403239654525
24.777742293586677,31.32020297295318,0.016257706413323803,0.6797970270468205
28.638361584477806,35.469121954227404,3.0606384155221953,4.726878045772594
22.861271630582564,33.142324330893096,0.620728369417435,1.339675669106903
14.071892175568504,18.6144713792038,0.31810782443149677,0.7755286207962016
35.37049066121736,52.150317631109154,1.2595093387826424,2.479682368890849
29.862912645719078,40.59713447047789,0.42108735428092103,1.2988655295221108
20.29019189669701,27.094325891310202,-0.30819189669701075,0.3786741086897969
31.993494501918665,40.67175527644338,-2.0644945019186665,-2.8147552764433783
27.437456301516985,37.03057079752162,4.189543698483014,5.4394292024783795
18.187630679135456,26.25125504748361,-0.18763067913545584,0.12374495251638962
29.80025255095435,39.92220311130031,-3.8772525509543527,-3.076203111300316
25.114967917441184,30.467635354042315,0.05003208255881475,0.6973646459576841
13.890651883188763,25.543271348945655,-0.26665188318876254,1.539728651054343
25.24250797466798,32.42109075603374,0.3614920253320193,-0.1190907560337422
33.58252993568049,41.57359007310261,3.1884700643195103,3.197409926897393
33.201219039567306,41.167323963699175,0.44178096043269477,1.3476760363008253
19.672599337902916,26.28456944639211,-0.7425993379029165,-1.3545694463921087
11.710180576220344,16.45184494280514,0.2898194237796563,2.246155057194862
10.856321543043144,16.536378274048168,-0.08832154304314344,0.2316217259518325
13.623803711562807,25.934833696226903,0.8101962884371918,0.5551663037730954
17.363318481247674,24.19080664349424,-2.363318481247674,-1.9468066434942415
11.434013614514324,16.270579525446667,-1.075013614514324,-1.9115795254466672
24.2259582675131,31.92029516114726,-2.5279582675130996,-1.3382951611472578
28.188180061826888,33.54115024255701,-3.0231800618268885,-2.37615024255701
18.836634420914613,26.11963586336123,-0.9356344209146137,0.7483641366387701
13.731567636469938,18.120530751364424,0.6584323635300624,1.269469248635577
16.438667034197167,25.228103745947198,0.4303329658028332,2.0178962540528005
14.313194785857043,26.540315155339147,-1.901194785857042,-0.2663151553391465
29.90813912474258,36.746528939036594,1.2528608752574222,0.22047106096340485
21.682321728769217,27.775582929387344,-3.056321728769216,-3.1495829293873427
25.60457173423198,29.572258619582023,-1.3295717342319797,-2.4472586195820227
31.522933112062702,41.6409538247581,1.2260668879373,2.1080461752419026
22.58128015207251,32.64233635957356,1.819719847927491,2.758663640426441
13.88254842095287,18.310012706284645,0.6974515790471294,1.269987293715353
19.998390351746547,28.886011431952443,-2.780390351746547,-2.6680114319524435
14.977746499317744,22.411191838635514,3.0052535006822563,4.571808161364487
28.783281768487836,46.661638443741964,-1.7882817684878347,0.3353615562580359
25.125571302152377,31.59337944009828,1.2044286978476215,1.7306205599017197
15.607947205791195,19.194825606481984,-3.825947205791195,-4.803825606481984
24.089725653817908,31.051071718816708,-1.6407256538179062,-2.094071718816707
28.85788270902026,37.46525601558917,5.25211729097974,6.680743984410832
24.39876729221261,30.70791582689046,0.7272327077873904,1.1680841731095413
21.57316025299101,31.12399392889092,2.40583974700899,3.855006071109081
23.373172747220657,33.996432308107885,-0.936172747220656,-1.7474323081078822
28.386701963072014,40.4934093856165,2.506298036927987,2.0985906143834967
25.682665987299206,32.53584323160079,-3.7556659872992064,-5.990843231600792
22.928305225084447,29.90670501892665,-3.272305225084448,-3.34470501892665
29.26043216769948,39.7018075913246,1.7395678323005193,2.0501924086754
15.426852689859373,21.840537398310993,2.990147310140628,2.3504626016890064
21.200395842756983,27.754453871164664,1.2106041572430186,0.6565461288353376
18.606043458261965,22.686528800331295,-4.413043458261965,-2.892528800331295
32.8184231767423,42.293528605479594,1.8275768232577008,2.5674713945204033
11.677469994934595,17.322162919857025,-0.7284699949345956,-0.8471629198570234
29.21173446768939,39.811679432567914,4.225265532310608,4.016320567432089
15.627325910069057,23.538568254246204,1.8826740899309442,2.9714317457537973
10.504229292643025,13.235844055900678,4.275770707356974,3.544155944099323
18.022830676543286,25.290997235320255,-0.3558306765432846,-0.48099723532025607
14.607017792783838,19.692378416640963,-0.34801779278383727,-0.4333784166409629
26.38214825283675,37.37848872663221,5.127851747163252,5.918511273367784
28.422121381329237,33.93031444607187,-4.471121381329237,-3.979314446071868
19.882202124777905,27.163478129000794,0.550797875222095,0.986521870999205
28.75364870114099,39.03623421869356,5.007351298859014,5.724765781306445
10.541842795968455,12.03313271928439,-0.012842795968454723,-0.09313271928439093
22.814217129409144,31.300187826320663,-3.136217129409143,-4.283187826320663
13.862737375314996,18.31862855034253,1.1112626246850041,1.6553714496574692
27.908803565738157,37.84221696934908,-1.5568035657381571,-0.13921696934907857
13.426644489401863,24.499479529768333,-0.922644489401863,-3.155479529768332
15.607852610460942,23.4958719968151,1.4041473895390588,2.5161280031848996
19.717183725009555,26.94678021837428,-2.8811837250095564,-2.6187802183742797
34.32227514421071,42.332426910925605,1.8797248557892914,2.2295730890743926
13.76751019917771,20.363115421252736,-1.7675101991777105,-1.3631154212527363
13.806450784492048,25.32675840003193,0.35354921550795204,2.1132415999680703
17.154073778002555,24.13901855173469,-0.15407377800255517,0.6949814482653096
30.158623070149083,37.804265262816585,0.7583769298509182,2.0307347371834155
18.90485121172004,27.611002425497027,-1.6868512117200396,-1.393002425497027
31.03961944596188,41.61059220676957,-2.9156194459618803,-3.445592206769568
8.862823863968647,16.785725243900725,0.37727613603135346,4.934274756099274
14.313192796751629,19.258115738836715,0.2678072032483705,0.32288426116328495
35.245977060789514,53.33313008218318,-0.38897706078951444,0.238869917816821
25.850158491713803,30.66359117646759,8.027841508286198,9.074408823532409
13.75308082855578,18.219884217973068,-1.24208082855578,-2.197884217973069
27.329667614655985,36.94635517492057,3.6703323853440146,2.293644825079433
34.902524068004965,42.989874226736205,0.6764759319950358,0.5891257732637953
29.979284771215642,35.37243752544424,-0.941284771215642,-1.8694375254442406
11.855025450693528,17.792379182664714,0.1449745493064718,0.6226208173352852
15.222605159279748,18.331766978883884,-4.144605159279749,-4.2927669788838845
27.58905181989096,37.53608115319098,0.022948180109040095,2.687918846809019
19.200040471866185,26.93293679250684,-2.363040471866185,-3.32793679250684
28.784566593470366,32.102911964396924,-1.1025665934703675,-2.2849119643969225
13.214512098098668,19.846311753633174,-1.214512098098668,-0.8463117536331737
26.090328419126873,32.56184837102769,2.412671580873127,4.923151628972306
20.09992707611521,27.376563641543495,-0.9549270761152115,-1.1585636415434948
9.497469465249349,10.500972701227887,-0.5089694652493488,-0.7170727012278881
20.641138200220443,27.027933646267908,0.229861799779556,-0.15693364626790895
18.8184377956239,26.06849817692173,2.974562204376099,1.7245018230782705
31.225401057953885,42.08411241288397,-0.225401057953885,-1.1741124128839715
11.165254841700182,15.82520536568295,0.8347451582998175,1.4747946343170515
19.906562840877093,27.705707290317473,-3.7585628408770937,-2.001707290317473
24.469690813214882,30.418276001887197,2.250309186785117,4.1147239981128045
12.259153785449532,17.075646403938674,-6.2591537854495325,-9.477846403938674
26.241967967397436,46.57722891897181,5.935032032602564,5.144771081028189
25.035265088458154,29.41927984340963,-0.003265088458153542,0.1207201565903695
9.11784076657684,18.658815237661244,-0.4934407665768408,-2.5318152376612453
15.054547154203515,22.505359200320708,-2.716547154203516,-4.4983592003207065
13.177776133526164,25.404294891781902,0.7342238664738368,1.8707051082180968
10.105439054246618,11.488700946458827,-1.1168390542466184,-1.704600946458827
30.67809138139173,41.86412423069356,0.32190861860826914,-1.9391242306935652
26.897185320604304,38.86134932476092,-0.24518532060430331,0.8126506752390767
12.123366204843155,14.699571319569232,1.7306337951568445,1.2764286804307687
36.18950760160282,54.485164597360374,0.7584923983971805,0.46283540263962664
35.95283099518209,54.33031864773616,0.20016900481790856,-0.1773186477361648
14.108761295092807,18.490170519688927,0.23423870490719345,0.8528294803110725
25.798368211719566,30.15582765241529,3.1026317882804335,4.679172347584711
13.315130822648536,24.29914814446765,-0.14013082264853516,-1.1651481444676506
26.2132056343227,30.47665661872769,2.951794365677298,1.5233433812723085
12.085493198060774,14.781610558567861,0.020506801939225383,-0.22861055856786017
29.611769116266917,39.56078460087298,3.1652308837330843,3.7722153991270204
25.157057259184732,32.67155971995314,3.5549427408152674,1.1844402800468643
24.190757631159347,32.050542712091875,-2.0337576311593466,-1.0865427120918767
13.250383854408186,23.722626592995415,1.183616145591813,2.767373407004584
12.381637131738026,18.458811554146013,-2.1006371317380257,-2.318811554146013
28.79404571057479,38.44050445784896,5.2689542894252135,5.857495542151042
27.240157714198034,32.17628363882578,-1.578157714198035,-2.97028363882578
17.6553901482222,21.780289466808583,3.665609851777802,2.9807105331914165
20.534575837651424,27.233371325274536,2.496424162348575,1.7976286747254626
35.74441836853412,54.167853625850945,-1.5814183685341234,-1.0588536258509436
16.965979669373983,26.72992057692352,-1.0339796693739824,-2.866920576923519
18.062000701376668,25.0579066313378,2.089999298623333,1.2030933686621985
23.902421320562503,30.86570250921902,-0.4284213205625029,1.1342974907809804
14.149494697504919,19.34518324232141,1.5715053024950816,1.764816757678588
16.752747815630904,23.675197887617625,0.7412521843690953,0.9868021123823745
17.613677876856524,24.855478589546536,-0.950677876856524,-0.7474785895465352
16.64431174128086,25.916632704465865,0.8376882587191403,1.0463672955341359
30.358643864329125,40.517135725339436,0.8733561356708748,1.7148642746605631
14.265291947219167,20.85553334747481,-2.2652919472191666,-1.855533347474811
13.974103588446601,26.070259092332797,-0.1861035884466009,-1.303259092332798
25.97685947118418,33.145494847923544,0.8191405288158187,1.344505152076458
9.034100132442514,20.596541492326672,0.513799867557486,2.0474585076733263
24.94461080693278,37.76748044659703,2.0153891930672216,1.7525195534029763
13.523029365785693,17.776969892535643,-0.47802936578569266,-0.6869698925356431
10.946432066925235,15.031490083503094,1.0535679330747652,3.1485099164969057
17.401081309374284,27.066947662802715,-1.4690813093742836,-3.2039476628027153
15.88547280644888,23.017441723980703,-0.8854728064488793,0.10455827601929713
22.735731342199287,29.886100422613772,1.080268657800712,2.1138995773862277
23.544431994680632,31.4320157490535,2.7645680053193686,2.991984250946498
27.173551017150146,32.583748769882476,0.5664489828498525,0.2482512301175248
16.74726091193729,26.185868458241885,0.7347390880627103,0.778131541758114
17.452390954942842,26.500546068684258,-0.16739095494284228,0.06845393131574085
25.029638775923978,31.742666305784986,-0.5906387759239777,1.2953336942150102
16.672868515519816,26.308467777518224,-0.5738685155198162,-2.110467777518224
22.501949304904134,32.8633379753159,-0.06494930490413253,-0.6143379753158982
21.76529038847106,31.60148783703556,-0.7582903884710568,0.40551216296443826
13.462011445740794,20.153940907796795,-1.462011445740794,-1.1539409077967946
9.477739012818738,13.049165759487082,-0.1502390128187372,0.5688342405129188
17.26276074040236,26.837245110010674,-0.21076074040236037,-0.7322451100106733
30.462076167722085,39.011443300592646,5.513923832277914,7.623556699407352
28.538108271022697,38.88199941865353,5.2508917289773045,5.456000581346473
11.536158238878121,17.167481005463074,-1.086158238878122,-0.9424810054630726
13.83564172671025,26.26859215525441,-0.4566417267102505,0.6504078447455903
21.184671055245673,28.417994801821116,-2.7106710552456725,-3.943994801821116
11.596169397245507,16.881445452064494,-1.980769397245508,-3.2664454520644934
28.88322719502213,34.887035271058195,2.2777728049778716,2.0799647289418033
27.14466230640566,47.31365098009989,-1.4706623064056608,-1.197650980099887
23.438914976880344,31.25027629415397,1.3550850231196563,0.74972370584603
16.98078643250239,23.660287160474766,-0.5657864325023922,-0.561287160474766
8.989923339000185,10.055386360266208,1.1510766609998146,1.3416136397337919
12.276361017875594,14.83574825147732,-0.49436101787559394,-0.44474825147731956
25.806707027470573,35.183068272162785,-3.9867070274705725,-2.961068272162784
29.708578730369243,35.39008046646894,-10.614578730369242,-10.296080466468936
9.261867724174824,12.628846274485667,1.8261322758251755,0.45915372551433187
35.62521441528406,53.72040999503645,-0.25021441528406285,0.1965900049635536
13.430678953062785,18.866317694255454,0.677321046937216,0.39968230574454466
26.046139849665742,29.26663485343877,1.6348601503342586,0.5513651465612313
19.836029626122034,27.07390675672997,-0.5450296261220338,-0.6369067567299673
23.01084320749921,33.12611080775304,-1.19084320749921,-0.9041108077530353
14.274461630201444,20.46458239598646,0.7255383697985565,2.3164176040135374
16.11707023829205,23.069685689123514,0.24792976170794745,0.8403143108764866
30.70092673114596,40.35304046116937,5.742073268854039,6.903959538830627
30.634021163662684,41.669641603117434,-5.138021163662685,-5.677641603117436
30.45773317590078,39.67259969890586,1.8972668240992157,1.7404003010941338
16.17974816203533,23.512602274972455,-2.7797481620353306,-3.683602274972454
30.893517443230817,38.88676315805148,2.9124825567691808,2.9192368419485177
24.21522762676524,29.25740831736528,0.8847723732347603,0.6055916826347207
25.063623501541148,32.17877978266135,-0.18362350154114893,2.4022202173386518
27.61945934949329,38.35525858314699,-1.26745934949329,-0.6522585831469883
16.716309423543066,24.81604502668114,-0.7253094235430666,-0.49504502668114014
19.054257654164466,25.853162635757876,0.7797423458355333,0.28083736424212447
8.699681471098804,19.347911632225706,0.16071852890119587,-3.928911632225706
26.90578638759618,40.238232662078644,-0.6677863875961805,0.1177673379213573
25.34929264592695,31.970749936859395,0.3567073540730483,-0.2047499368593968
26.65778981850753,31.767076932539865,-2.3467898185075313,-4.2810769325398645
30.55076516485907,50.36065686555137,0.15723483514092962,-0.47565686555137177
34.80262484518876,42.83743288368513,-0.10962484518876181,0.5165671163148673
17.074301683696504,25.645081872684493,-1.3583016836965047,0.8319181273155074
28.796095497866055,31.73748765266424,0.31390450213394416,-0.20548765266423885
28.665446304569244,34.54484858042048,-3.679446304569243,-6.198848580420478
22.86979131418474,33.138937018751264,2.58220868581526,3.313062981248734
27.281470956920888,40.98070231640507,0.8225290430791112,2.175297683594927
16.4740070924264,25.248246349338938,-1.0690070924264017,-2.4382463493389395
12.548337711693117,15.414210009168885,-0.16033771169311706,-0.7202100091688841
29.0602251835973,39.401854159850586,2.9457748164027002,3.3521458401494115
24.175507932361686,30.301580016109266,2.6214920676383144,3.0134199838907314
35.58363868111553,53.48857418588154,1.4043613188844688,1.503425814118458
26.373392232548795,30.393208169869773,-1.585392232548795,-1.1582081698697735
28.337764573560797,42.64571100985792,-0.9167645735607977,-3.356711009857918
11.586814649351282,16.10020444022976,-2.935314649351282,-3.44920444022976
17.6798738144248,26.322075529713317,-5.876873814424798,-9.231075529713316
23.732356524318988,34.22303347042901,0.24664347568101164,0.7559665295709905
18.67959686140569,27.38570358801705,-1.1695968614056902,-0.8757035880170498
27.94911844712401,36.6336285986145,-0.5251184471240116,3.2133714013855013
26.498826898462237,30.501874113088448,0.7861731015377629,1.4981258869115521
29.72592329709393,37.75427557068227,-0.043923297093932945,-0.3912755706822679
27.06307727653846,39.72395069587053,-0.10307727653846044,-0.2039506958705246
10.915518072793489,13.798221196722265,-4.530918072793489,-4.452321196722265
23.662990417802707,30.69951447150329,-2.3589904178027084,-2.724514471503287
33.41938246182792,42.870957631771105,-4.972382461827923,-7.976957631771107
29.501876785500162,35.41266157887114,-6.541876785500161,-9.645661578871138
27.28681736901497,32.71604984506445,-1.6258173690149675,-3.5110498450644485
11.00496999157258,12.584893754827815,-1.9143699915725794,-2.598293754827816
15.074106735300614,21.52528632858519,-0.07410673530061374,0.19771367141481022
17.9120973253982,24.788036135944427,-0.3050973253982008,0.4549638640555713
33.738901597903116,41.974667280664896,0.6620984020968876,0.4263327193351074
28.241292829209602,41.174916223289415,-0.3582928292096028,-2.1159162232894175
17.67072768673807,25.14357262591862,-3.7847276867380693,-5.08057262591862
28.444135867212978,48.20836836590624,-0.6021358672129793,-0.6473683659062388
28.95627762257308,36.82883284868694,1.7137223774269223,2.5111671513130602
17.281553048930018,25.69550030474682,0.718446951069982,1.272499695253181
26.423361730387565,31.672332095850628,6.2356382696124335,6.6946679041493695
16.854147949409324,25.67805154172003,1.1208520505906776,2.2719484582799687
17.70247820369272,24.35302918904195,-0.3664782036927221,1.7609708109580495
16.768752771121093,23.463254941486856,1.434247228878906,2.1117450585131436
29.122757231691182,48.708786085186816,3.4242427683088152,3.4752139148131818
22.370055064089303,32.56179626471965,3.5919449359106963,4.40020373528035
16.999573197646647,24.378974594631874,-1.9995731976466473,-3.0169745946318756
22.607920602498986,27.96101635124401,1.4370793975010159,0.7149836487559895
11.37398261976243,17.16160245741739,0.11001738023757035,0.32239754258261044
10.045380010328401,11.141475711181197,-1.0568800103284008,-1.3575757111811981
30.434807912445248,36.69915198530435,0.8801920875547538,1.1918480146956512
35.64980601574645,53.77852053438567,0.413193984253553,0.5964794656143297
16.857527563832374,26.353546737645292,0.5064724361676269,1.2224532623547084
11.660401409494966,16.393314403319252,-0.1014014094949669,-0.8343144033192527
19.602320798924644,26.84018889456916,0.7486792010753547,1.1198111054308413
14.069942723064402,26.896273478921795,0.5760572769355985,0.16072652107820318
27.786610883734966,41.8987901682782,0.09638911626503344,-2.839790168278199
16.930820508896463,23.96232268599285,4.486179491103538,2.804677314007151
20.48984397828,27.365410509221498,-0.6498439782799998,-0.10541050922149608
22.515629113494317,32.738372386442435,0.3643708865056823,0.101627613557568
7.591170666842564,11.09821001932924,8.107829333157436,6.600789980670761
20.190699829735166,26.94055508363746,-0.06369982973516741,0.7504449163625395
26.077340910197606,30.100113664632577,0.658659089802395,1.5698863353674248
16.520853409834633,25.614923320656896,-1.265853409834632,0.5550766793431059
25.592977376937537,32.58242448569514,-3.2849773769375368,0.19857551430485643
30.02177251899525,40.41299799345588,1.2212274810047496,1.7690020065441203
27.980465907755917,47.87953292755311,-1.4684659077559168,-1.205532927553108
9.036677843956596,19.7237789004234,-0.8851778439565958,-2.1777789004234016
25.03481502151209,31.836306708166006,-0.17181502151209216,-1.2283067081660057
28.68648289780357,39.57436607320738,-3.620482897803573,-4.442366073207381
13.05474552117177,19.418716800587816,1.6502544788282307,1.2042831994121848
36.223556800819125,54.62398544236877,0.644443199180877,0.2440145576312318
33.812377702847286,41.98543608442481,-2.977377702847285,-3.150436084424811
23.510274346311192,29.409744931704502,5.201725653688808,4.4462550682955
9.16299588566445,11.805763544606602,2.8480041143355486,2.205236455393397
32.58053778506766,40.4834764699183,4.190462214932339,4.2875235300817
15.772004128318388,22.43814768462137,-3.772004128318388,-3.43814768462137
23.88351833463697,34.57104851858662,0.51848166536303,0.8309514814133792
9.976521710304121,14.320833838472938,1.436478289695879,1.8661661615270635
28.011207459652926,42.31118856714613,0.403792540347073,1.3108114328538676
13.61707006809231,18.13749716745261,0.07392993190769026,0.24550283254738758
13.721732886739318,19.831028744016788,-2.9847328867393177,-4.568028744016788
35.949249574347206,44.0450779197325,-0.4742495743472048,-0.06507791973250221
18.080892488022158,24.91213653205533,-1.0808924880221582,-1.144136532055331
7.867150366865355,13.28544314483067,0.4499496331346453,5.665556855169331
16.52529157029886,23.645800662431256,-0.5312915702988619,-1.052800662431256
23.589370559966675,33.56310410622276,1.6926294400333255,2.0008958937772405
20.13714713416869,23.64214379385025,0.31985286583131156,-0.032143793850249125
20.163653527305655,27.829378852782295,-3.4726535273056562,-3.211378852782296
30.898513991986352,41.576905931180214,-4.975513991986354,-4.730905931180217
25.007448611776567,32.321340958777306,0.844551388223433,1.7226590412226912
36.3165519236197,54.613347028223636,0.39244807638030466,0.09565297177636722
11.19614815774883,14.137549988508047,3.5838518422511694,2.6424500114919542
16.211377768268562,23.373175023301496,1.0566222317314384,1.1388249766985048
35.75530790064217,45.73619830817744,0.8726920993578275,1.342801691822558
35.77822868012602,54.28366525186001,0.45377131987397945,-0.051665251860008254
25.42896407857,33.92050583032618,5.88003592143,6.491494169673821
19.774803579274376,26.402639162619746,1.7111964207256243,1.0833608373802548
29.672366950879645,33.25635559587458,-1.633366950879644,-3.009355595874581
31.763781268545593,42.33478687354216,1.7392187314544074,2.168213126457843
18.4321624006837,25.223840338045246,-1.4321624006837013,-0.9988403380452446
13.734168932665867,20.04299726455896,-1.7341689326658667,-1.0429972645589594
17.651196277255167,26.13234340051278,-0.044196277255167615,0.3446565994872195
6.232918586806881,7.943196148410729,-0.4952185868068808,-0.9431961484107294
25.700944652104912,33.12512304116948,0.3160553478950874,-0.5821230411694813
29.45568404805651,39.87360533893569,-3.033684048056511,-3.977605338935689
19.715203659659416,27.67257026657494,-4.715203659659416,-5.7795702665749396
10.598257917643089,14.708958443638696,-1.3386579176430882,-0.9839584436386968
13.601878697035698,18.598011508173787,-5.416478697035698,-6.100011508173788
8.983829338371791,18.610136261795013,0.41017066162820903,3.5718637382049856
31.628371867802418,42.17175783980319,-0.6283718678024179,-1.2617578398031952
27.158788091653935,34.44515100908551,1.6632119083460637,1.444848990914494
24.601563131622296,34.86968686382647,4.052436868377704,5.164313136173526
13.825968725902218,18.0890128465514,1.0640312740977826,1.8009871534485988
11.974086318476402,17.80169249691025,-5.974086318476402,-9.98889249691025
33.68717278602586,41.63988723984701,0.7138272139741417,0.7611127601529901
18.08996667178257,25.01668005817964,2.0620333282174315,1.2443199418203577
14.043671740502065,18.296271443627283,-1.5326717405020656,-2.274271443627285
27.155689643299116,39.478386916253385,0.26531035670088343,-0.18938691625338322
20.801811921649765,27.076303813773137,-0.854811921649766,-1.129303813773138
25.653418777778604,34.930893342139356,-1.8484187777786047,-1.289893342139358
23.96351141456491,34.48040090133571,0.43848858543509195,0.9215990986642879
25.80849136410832,32.85533528555063,0.5215086358916778,0.46866471444936764
24.114735676495513,30.46403687997285,-0.005735676495511655,1.4159631200271505
27.5580137334586,41.639358104398724,1.1679862665413978,2.4496418956012747
17.240552667525197,23.9586587320474,1.3164473324748016,1.6643412679526008
17.83767504959573,26.187398811417637,0.16232495040426898,0.4756011885823632
12.13825074750785,16.935634225127338,0.90574925249215,0.8643657748726632
31.057507075113687,42.04653958444399,2.7314929248863145,2.29146041555601
10.503786929970403,13.728524955550334,-1.8521869299704026,-1.076524955550335
26.842311010264893,30.983700163719103,-3.2703110102648942,-3.268700163719103
31.3267072029809,42.65319058482672,1.9262927970191015,1.599809415173283
17.740704302205657,26.062131427571835,0.259295697794343,0.2528685724281665
14.798985586010167,21.553238337549388,0.20101441398983333,-0.18223833754938923
15.147951826994875,17.83999863601635,-0.9229518269948755,-1.4399986360163517
